State,CD#,PVI Score,Winner,Party,Dem Votes,GOP Votes,Other Votes,Dem %,GOP %,Other %,GOP Margin%,GOP Raw Margin,Final?,2012 Prez Winner,2012 Prez Votes Cast,2014 House Votes Cast,"2012-2014 ""Drop-Off"""
Alabama,1,R+15,Bradley Byrne, R,"48,278","103,758",198,31.71%,68.16%,0.13%,36.44%,"55,480",x,Romney,"299,238","152,234",-49.13%
Alabama,2,R+17,Martha Roby, R,"54,692","113,103",157,32.56%,67.34%,0.09%,34.78%,"58,411",x,Romney,"290,132","167,952",-42.11%
Alabama,3,R+16,Mike Rogers, R,"52,816","103,558",246,33.72%,66.12%,0.16%,32.40%,"50,742",x,Romney,"280,798","156,620",-44.22%
Alabama,4,R+28,Robert Aderholt, R,0,"132,831","1,921",0.00%,100.00%,0.00%,100.00%,"132,831",x,Romney,"275,295","134,752",N/A
Alabama,5,R+17,Mo Brooks, R,0,"115,338","39,636",0.00%,74.42%,25.58%,74.42%,"115,338",x,Romney,"297,938","154,974",N/A
Alabama,6,R+28,Gary Palmer, R,"42,291","135,945",213,23.70%,76.18%,0.12%,52.48%,"93,654",x,Romney,"314,593","178,449",-43.28%
Alabama,7,D+20,Terri Sewell, D,"133,687",0,"2,212",100.00%,0.00%,0.00%,-100.00%,"-133,687",x,Obama,"315,086","135,899",N/A
Alaska,0,R+12,Don Young,R,"114,596","142,566","22,563",40.97%,50.97%,8.07%,10.00%,"27,970",x,Romney,"300,508","279,725",-6.92%
Arizona,1,R+4,Ann Kirkpatrick,D,"97,391","87,723",0,52.61%,47.39%,0.00%,-5.22%,"-9,668",x,Romney,"260,086","185,114",-28.83%
Arizona,2,R+3,Martha McSally, R,"109,543","109,704",104,49.94%,50.01%,0.05%,0.07%,161,x,Romney,"299,712","219,351",-26.81%
Arizona,3,D+8,Raul Grijalva, D,"58,192","46,185",51,55.72%,44.23%,0.05%,-11.50%,"-12,007",x,Obama,"177,256","104,428",-41.09%
Arizona,4,R+20,Paul Gosar, R,"45,179","122,560","7,440",25.79%,69.96%,4.25%,44.17%,"77,381",x,Romney,"258,048","175,179",-32.11%
Arizona,5,R+17,Matt Salmon, R,"54,596","124,867",0,30.42%,69.58%,0.00%,39.16%,"70,271",x,Romney,"293,750","179,463",-38.91%
Arizona,6,R+12,David Schweikert, R,"70,198","129,578",0,35.14%,64.86%,0.00%,29.72%,"59,380",x,Romney,"313,400","199,776",-36.26%
Arizona,7,D+16,Ruben Gallego, D,"54,235",0,"18,219",74.85%,0.00%,25.15%,-74.85%,"-54,235",x,Obama,"140,903","72,454",N/A
Arizona,8,R+15,Trent Franks, R,0,"128,710","41,066",0.00%,75.81%,24.19%,75.81%,"128,710",x,Romney,"291,111","169,776",N/A
Arizona,9,R+1,Kyrsten Sinema,D,"88,609","67,841","5,612",54.68%,41.86%,3.46%,-12.81%,"-20,768",x,Obama,"264,566","162,062",-38.74%
Arkansas,1,R+14,Rick Crawford, R,"63,555","124,139","8,562",32.38%,63.25%,4.36%,30.87%,"60,584",x,Romney,"253,454","196,256",-22.57%
Arkansas,2,R+8,French Hill,R,"103,477","123,073","10,780",43.60%,51.86%,4.54%,8.26%,"19,596",x,Romney,"292,512","237,330",-18.86%
Arkansas,3,R+19,Steve Womack, R,0,"151,630","39,305",0.00%,79.41%,20.59%,79.41%,"151,630",x,Romney,"257,666","190,935",N/A
Arkansas,4,R+15,Bruce Westerman,R,"87,742","110,789","7,600",42.57%,53.75%,3.69%,11.18%,"23,047",x,Romney,"265,821","206,131",-22.45%
California,1,R+10,Doug La Malfa, R,"84,320","132,052",0,38.97%,61.03%,0.00%,22.06%,"47,732",x,Romney,"304,954","216,372",-29.05%
California,2,D+20,Jared Huffman, D,"163,124","54,400",0,74.99%,25.01%,0.00%,-49.98%,"-108,724",x,Obama,"334,224","217,524",-34.92%
California,3,D+3,John Garamendi,D,"79,224","71,036",0,52.72%,47.28%,0.00%,-5.45%,"-8,188",x,Obama,"241,814","150,260",-37.86%
California,4,R+10,Tom McClintock, R,0,"211,134",0,0.00%,100.00%,0.00%,100.00%,"211,134",x,Romney,"338,195","211,134",N/A
California,5,D+19,Mike Thompson, D,"129,613",0,"41,535",75.73%,0.00%,24.27%,-75.73%,"-129,613",x,Obama,"286,771","171,148",N/A
California,6,D+18,Doris Matsui, D,"97,008","36,448",0,72.69%,27.31%,0.00%,-45.38%,"-60,560",x,Obama,"225,829","133,456",-40.90%
California,7,EVEN,Ami Bera,D,"92,521","91,066",0,50.40%,49.60%,0.00%,-0.79%,"-1,455",x,Obama,"286,014","183,587",-35.81%
California,8,R+10,Paul Cook, R,"37,056","77,480",0,32.35%,67.65%,0.00%,35.29%,"40,424",x,Romney,"212,685","114,536",-46.15%
California,9,D+6,Jerry McNerney,D,"63,475","57,729",0,52.37%,47.63%,0.00%,-4.74%,"-5,746",x,Obama,"220,293","121,204",-44.98%
California,10,R+1,Jeff Denham,R,"55,123","70,582",0,43.85%,56.15%,0.00%,12.30%,"15,459",x,Obama,"215,514","125,705",-41.67%
California,11,D+17,Mark DeSaulnier, D,"117,502","57,160",0,67.27%,32.73%,0.00%,-34.55%,"-60,342",x,Obama,"301,153","174,662",-42.00%
California,12,D+34,Nancy Pelosi, D,"160,067","32,197",0,83.25%,16.75%,0.00%,-66.51%,"-127,870",x,Obama,"320,389","192,264",-39.99%
California,13,D+37,Barbara Lee, D,"168,491","21,940",0,88.48%,11.52%,0.00%,-76.96%,"-146,551",x,Obama,"306,319","190,431",-37.83%
California,14,D+23,Jackie Speier, D,"114,389","34,757",0,76.70%,23.30%,0.00%,-53.39%,"-79,632",x,Obama,"269,897","149,146",-44.74%
California,15,D+16,Eric Swalwell, D,"99,756","43,148",0,69.81%,30.19%,0.00%,-39.61%,"-56,608",x,Obama,"260,620","142,904",-45.17%
California,16,D+7,Jim Costa,D,"46,277","44,943",0,50.73%,49.27%,0.00%,-1.46%,"-1,334",x,Obama,"152,097","91,220",-40.03%
California,17,D+20,Mike Honda, D,"134,408",0,0,100.00%,0.00%,0.00%,-100.00%,"-134,408",x,Obama,"227,819","134,408",N/A
California,18,D+18,Anna Eshoo, D,"133,060","63,326",0,67.75%,32.25%,0.00%,-35.51%,"-69,734",x,Obama,"319,616","196,386",-38.56%
California,19,D+19,Zoe Lofgren, D,"127,788",0,0,100.00%,0.00%,0.00%,-100.00%,"-127,788",x,Obama,"232,450","127,788",N/A
California,20,D+21,Sam Farr, D,"106,034",0,"35,010",75.18%,0.00%,24.82%,-75.18%,"-106,034",x,Obama,"238,613","141,044",N/A
California,21,D+2,David Valadao,R,"33,470","45,907",0,42.17%,57.83%,0.00%,15.67%,"12,437",x,Obama,"119,294","79,377",-33.46%
California,22,R+10,Devin Nunes, R,"37,289","96,053",0,27.96%,72.04%,0.00%,44.07%,"58,764",x,Romney,"221,267","133,342",-39.74%
California,23,R+16,Kevin McCarthy, R,"33,726","100,317",0,25.16%,74.84%,0.00%,49.68%,"66,591",x,Romney,"227,299","134,043",-41.03%
California,24,D+4,Lois Capps,D,"103,228","95,566",0,51.93%,48.07%,0.00%,-3.85%,"-7,662",x,Obama,"293,350","198,794",-32.23%
California,25,R+3,Steve Knight, R,0,"114,072",0,0.00%,100.00%,0.00%,100.00%,"114,072",x,Romney,"252,240","114,072",N/A
California,26,D+4,Julia Brownley,D,"87,176","82,653",0,51.33%,48.67%,0.00%,-2.66%,"-4,523",x,Obama,"273,670","169,829",-37.94%
California,27,D+11,Judy Chu, D,"75,728","51,852",0,59.36%,40.64%,0.00%,-18.71%,"-23,876",x,Obama,"257,945","127,580",-50.54%
California,28,D+20,Adam Schiff, D,"91,996",0,"28,268",76.50%,0.00%,23.50%,-76.50%,"-91,996",x,Obama,"266,623","120,264",N/A
California,29,D+25,Tony Cardenas, D,"50,096","17,045",0,74.61%,25.39%,0.00%,-49.23%,"-33,051",x,Obama,"167,890","67,141",-60.01%
California,30,D+14,Brad Sherman, D,"86,568","45,315",0,65.64%,34.36%,0.00%,-31.28%,"-41,253",x,Obama,"285,226","131,883",-53.76%
California,31,D+5,Pete Aguilar,D,"51,622","48,162",0,51.73%,48.27%,0.00%,-3.47%,"-3,460",x,Obama,"206,237","99,784",-51.62%
California,32,D+12,Grace Napolitano, D,"50,353","34,053",0,59.66%,40.34%,0.00%,-19.31%,"-16,300",x,Obama,"204,169","84,406",-58.66%
California,33,D+11,Ted Lieu,D,"108,331","74,700",0,59.19%,40.81%,0.00%,-18.37%,"-33,631",x,Obama,"346,510","183,031",-47.18%
California,34,D+30,Xavier Becerra, D,"61,607",0,0,100.00%,0.00%,0.00%,-100.00%,"-61,607",x,Obama,"153,706","61,607",N/A
California,35,D+15,Norma Torres, D,"62,255",0,0,100.00%,0.00%,0.00%,-100.00%,"-62,255",x,Obama,"161,748","62,255",N/A
California,36,R+1,Raul Ruiz,D,"72,682","61,457",0,54.18%,45.82%,0.00%,-8.37%,"-11,225",x,Obama,"212,946","134,139",-37.01%
California,37,D+34,Karen Bass, D,"96,787","18,051",0,84.28%,15.72%,0.00%,-68.56%,"-78,736",x,Obama,"261,868","114,838",-56.15%
California,38,D+12,Linda Sanchez, D,"58,192","40,288",0,59.09%,40.91%,0.00%,-18.18%,"-17,904",x,Obama,"229,863","98,480",-57.16%
California,39,R+5,Ed Royce, R,"41,906","91,319",0,31.46%,68.54%,0.00%,37.09%,"49,413",x,Romney,"263,543","133,225",-49.45%
California,40,D+29,Lucille Roybal-Allard, D,"49,379",0,0,100.00%,0.00%,0.00%,-100.00%,"-49,379",x,Obama,"141,921","49,379",N/A
California,41,D+9,Mark Takano,D,"46,948","35,936",0,56.64%,43.36%,0.00%,-13.29%,"-11,012",x,Obama,"185,434","82,884",-55.30%
California,42,R+10,Ken Calvert, R,"38,850","74,540",0,34.26%,65.74%,0.00%,31.48%,"35,690",x,Romney,"232,509","113,390",-51.23%
California,43,D+26,Maxine Waters, D,"69,681","28,521",0,70.96%,29.04%,0.00%,-41.91%,"-41,160",x,Obama,"222,204","98,202",-55.81%
California,44,D+32,Janice Hahn, D,"59,670",0,"9,192",86.65%,0.00%,13.35%,-86.65%,"-59,670",x,Obama,"183,593","68,862",N/A
California,45,R+7,Mimi Walters, R,"56,819","106,083",0,34.88%,65.12%,0.00%,30.24%,"49,264",x,Romney,"309,410","162,902",-47.35%
California,46,D+9,Loretta Sanchez, D,"49,738","33,577",0,59.70%,40.30%,0.00%,-19.40%,"-16,161",x,Obama,"155,494","83,315",-46.42%
California,47,D+8,Alan Lowenthal, D,"69,091","54,309",0,55.99%,44.01%,0.00%,-11.98%,"-14,782",x,Obama,"245,631","123,400",-49.76%
California,48,R+7,Dana Rohrabacher, R,"62,713","112,082",0,35.88%,64.12%,0.00%,28.24%,"49,369",x,Romney,"309,470","174,795",-43.52%
California,49,R+4,Darrell Issa, R,"64,981","98,161",0,39.83%,60.17%,0.00%,20.34%,"33,180",x,Romney,"294,457","163,142",-44.60%
California,50,R+14,Duncan D. Hunter, R,"45,302","111,997",0,28.80%,71.20%,0.00%,42.40%,"66,695",x,Romney,"273,301","157,299",-42.44%
California,51,D+16,Juan Vargas, D,"56,373","25,577",0,68.79%,31.21%,0.00%,-37.58%,"-30,796",x,Obama,"166,702","81,950",-50.84%
California,52,D+2,Scott Peters,D,"98,826","92,746",0,51.59%,48.41%,0.00%,-3.17%,"-6,080",x,Obama,"314,750","191,572",-39.14%
California,53,D+10,Susan Davis, D,"87,104","60,940",0,58.84%,41.16%,0.00%,-17.67%,"-26,164",x,Obama,"284,327","148,044",-47.93%
Colorado,1,D+18,Diana DeGette, D,"183,281","80,682","14,528",65.81%,28.97%,5.22%,-36.84%,"-102,599",x,Obama,"368,547","278,491",-24.44%
Colorado,2,D+8,Jared Polis, D,"196,300","149,645",0,56.74%,43.26%,0.00%,-13.49%,"-46,655",x,Obama,"440,107","345,945",-21.40%
Colorado,3,R+5,Scott Tipton, R,"100,364","163,011","17,766",35.70%,57.98%,6.32%,22.28%,"62,647",x,Romney,"358,008","281,141",-21.47%
Colorado,4,R+11,Ken Buck, R,"83,727","185,292","17,488",29.22%,64.67%,6.10%,35.45%,"101,565",x,Romney,"358,510","286,507",-20.08%
Colorado,5,R+13,Doug Lamborn, R,"105,673","157,182",0,40.20%,59.80%,0.00%,19.60%,"51,509",x,Romney,"339,214","262,855",-22.51%
Colorado,6,D+1,Mike Coffman,R,"118,847","143,467","14,126",42.99%,51.90%,5.11%,8.91%,"24,620",x,Obama,"352,395","276,440",-21.55%
Colorado,7,D+5,Ed Perlmutter, D,"148,225","120,918",0,55.07%,44.93%,0.00%,-10.15%,"-27,307",x,Obama,"348,072","269,143",-22.68%
Connecticut,1,D+13,John Larson, D,"135,686","78,520","3,490",62.33%,36.07%,1.60%,-26.26%,"-57,166",,Obama,"317,427","217,696",-31.42%
Connecticut,2,D+5,Joe Courtney, D,"141,851","80,842","5,057",62.28%,35.50%,2.22%,-26.79%,"-61,009",,Obama,"317,464","227,750",-28.26%
Connecticut,3,D+11,Rosa DeLauro, D,"141,197","69,223",0,67.10%,32.90%,0.00%,-34.20%,"-71,974",,Obama,"305,331","210,420",-31.08%
Connecticut,4,D+5,Jim Himes,D,"106,791","91,928",0,53.74%,46.26%,0.00%,-7.48%,"-14,863",,Obama,"310,083","198,719",-35.91%
Connecticut,5,D+3,Elizabeth Etsy,D,"112,550","96,625","1,948",53.31%,45.77%,0.92%,-7.54%,"-15,925",,Obama,"307,549","211,123",-31.35%
Delaware,0,D+8,John Carney, D,"137,251","85,146","9,220",59.26%,36.76%,3.98%,-22.50%,"-52,105",x,Obama,"413,904","231,617",-44.04%
Florida,1,R+21,Jeff Miller, R,"54,976","165,086","15,281",23.36%,70.15%,6.49%,46.79%,"110,110",x,Romney,"353,843","235,343",-33.49%
Florida,2,R+6,Gwen Graham,D,"126,096","123,262",422,50.48%,49.35%,0.17%,-1.13%,"-2,834",x,Romney,"341,265","249,780",-26.81%
Florida,3,R+14,Ted Yoho, R,"73,910","148,691","6,208",32.30%,64.98%,2.71%,32.68%,"74,781",x,Romney,"326,829","228,809",-29.99%
Florida,4,R+19,Ander Crenshaw, R,0,"177,887","49,366",0.00%,78.28%,21.72%,78.28%,"177,887",x,Romney,"339,396","227,253",N/A
Florida,5,D+21,Corrine Brown, D,"112,340","59,237",0,65.47%,34.53%,0.00%,-30.95%,"-53,103",x,Obama,"286,912","171,577",-40.20%
Florida,6,R+9,Ron DeSantis, R,"99,563","166,254",0,37.46%,62.54%,0.00%,25.09%,"66,691",x,Romney,"361,954","265,817",-26.56%
Florida,7,R+4,John Mica, R,"73,011","144,474","9,679",32.14%,63.60%,4.26%,31.46%,"71,463",x,Romney,"330,843","227,164",-31.34%
Florida,8,R+9,Bill Posey, R,"93,724","180,728",61,34.14%,65.84%,0.02%,31.69%,"87,004",x,Romney,"363,060","274,513",-24.39%
Florida,9,D+8,Alan Grayson,D,"93,850","74,963","5,065",53.97%,43.11%,2.91%,-10.86%,"-18,887",x,Obama,"274,134","173,878",-36.57%
Florida,10,R+6,Daniel Webster, R,"89,426","143,128",20,38.45%,61.54%,0.01%,23.09%,"53,702",x,Romney,"326,361","232,574",-28.74%
Florida,11,R+11,Richard Nugent, R,"90,786","181,508",0,33.34%,66.66%,0.00%,33.32%,"90,722",x,Romney,"355,983","272,294",-23.51%
Florida,12,R+7,Gus Bilirakis, R,0,0,0,0.00%,100.00%,0.00%,100.00%,0,x,Romney,"342,447",0,N/A
Florida,13,R+1,David Jolly, R,0,"168,172","55,404",0.00%,75.22%,24.78%,75.22%,"168,172",x,Obama,"340,526","223,576",N/A
Florida,14,D+13,Kathy Castor, D,0,0,0,100.00%,0.00%,0.00%,-100.00%,0,x,Obama,"293,348",0,N/A
Florida,15,R+6,Dennis Ross, R,"84,832","128,750",0,39.72%,60.28%,0.00%,20.56%,"43,918",x,Romney,"302,820","213,582",-29.47%
Florida,16,R+6,Vern Buchanan, R,"105,483","169,126",220,38.38%,61.54%,0.08%,23.16%,"63,643",x,Romney,"358,469","274,829",-23.33%
Florida,17,R+10,Tom Rooney, R,"82,263","141,493",0,36.76%,63.24%,0.00%,26.47%,"59,230",x,Romney,"296,554","223,756",-24.55%
Florida,18,R+3,Patrick Murphy,D,"151,478","101,896",0,59.78%,40.22%,0.00%,-19.57%,"-49,582",x,Romney,"342,663","253,374",-26.06%
Florida,19,R+12,Curt Clawson, R,"80,824","159,354","6,683",32.74%,64.55%,2.71%,31.81%,"78,530",x,Romney,"321,539","246,861",-23.23%
Florida,20,D+29,Alcee Hastings, D,"128,498","28,968",0,81.60%,18.40%,0.00%,-63.21%,"-99,530",x,Obama,"261,698","157,466",-39.83%
Florida,21,D+10,Ted Deutch, D,"153,395",0,575,100.00%,0.00%,0.00%,-100.00%,"-153,395",x,Obama,"323,490","153,970",N/A
Florida,22,D+3,Lois Frankel,D,"125,404","90,685",6,58.03%,41.97%,0.00%,-16.07%,"-34,719",x,Obama,"327,488","216,095",-34.01%
Florida,23,D+9,Debbie Wasserman Schultz, D,"103,269","61,519",0,62.67%,37.33%,0.00%,-25.34%,"-41,750",x,Obama,"289,663","164,788",-43.11%
Florida,24,D+34,Frederica Wilson, D,"129,192","15,239","5,487",86.18%,10.16%,3.66%,-76.01%,"-113,953",x,Obama,"259,389","149,918",-42.20%
Florida,25,R+5,Mario Diaz-Balart, R,0,0,0,0.00%,100.00%,0.00%,100.00%,0,x,Romney,"231,635",0,N/A
Florida,26,R+1,Carlos Curbelo,R,"78,306","83,031",0,48.54%,51.46%,0.00%,2.93%,"4,725",x,Obama,"266,314","161,337",-39.42%
Florida,27,R+2,Ileana Ros-Lehtinen, R,0,0,0,0.00%,100.00%,0.00%,100.00%,0,x,Obama,"245,096",0,N/A
Georgia,1,R+9,Buddy Carter, R,"61,175","95,337",0,39.09%,60.91%,0.00%,21.83%,"34,162",x,Romney,"260,160","156,512",-39.84%
Georgia,2,D+6,Sanford Bishop, D,"96,363","66,537",0,59.15%,40.85%,0.00%,-18.31%,"-29,826",x,Obama,"262,843","162,900",-38.02%
Georgia,3,R+19,Lynn Westmoreland, R,0,"156,277",0,0.00%,100.00%,0.00%,100.00%,"156,277",x,Romney,"296,230","156,277",N/A
Georgia,4,D+21,Hank Johnson, D,"161,211",0,0,100.00%,0.00%,0.00%,-100.00%,"-161,211",x,Obama,"296,938","161,211",N/A
Georgia,5,D+32,John Lewis, D,"170,326",0,0,100.00%,0.00%,0.00%,-100.00%,"-170,326",x,Obama,"290,360","170,326",N/A
Georgia,6,R+14,Tom Price, R,"71,486","139,018",0,33.96%,66.04%,0.00%,32.08%,"67,532",x,Romney,"307,076","210,504",-31.45%
Georgia,7,R+14,Rob Woodall, R,"60,112","113,557",0,34.61%,65.39%,0.00%,30.77%,"53,445",x,Romney,"263,734","173,669",-34.15%
Georgia,8,R+15,Austin Scott, R,0,"129,938",0,0.00%,100.00%,0.00%,100.00%,"129,938",x,Romney,"265,951","129,938",N/A
Georgia,9,R+30,Doug Collins, R,"34,988","146,059",0,19.33%,80.67%,0.00%,61.35%,"111,071",x,Romney,"265,556","181,047",-31.82%
Georgia,10,R+14,Jody Hice, R,"65,777","130,703",0,33.48%,66.52%,0.00%,33.04%,"64,926",x,Romney,"294,858","196,480",-33.36%
Georgia,11,R+19,Barry Loudermilk, R,0,"161,532",0,0.00%,100.00%,0.00%,100.00%,"161,532",x,Romney,"300,332","161,532",N/A
Georgia,12,R+9,Rick Allen,R,"75,478","91,336",0,45.25%,54.75%,0.00%,9.51%,"15,858",x,Romney,"268,275","166,814",-37.82%
Georgia,13,D+16,David Scott, D,"159,445",0,0,100.00%,0.00%,0.00%,-100.00%,"-159,445",x,Obama,"292,854","159,445",N/A
Georgia,14,R+26,Tom Graves, R,0,"118,782",0,0.00%,100.00%,0.00%,100.00%,"118,782",x,Romney,"232,692","118,782",N/A
Hawaii,1,D+18,Mark Takai,D,"93,390","86,454",0,51.93%,48.07%,0.00%,-3.86%,"-6,936",x,Obama,"216,671","179,844",-17.00%
Hawaii,2,D+21,Tulsi Gabbard, D,"142,010","33,630","4,693",78.75%,18.65%,2.60%,-60.10%,"-108,380",x,Obama,"218,027","180,333",-17.29%
Idaho,1,R+18,Raul Labrador, R,"77,277","143,580",7,34.99%,65.01%,0.00%,30.02%,"66,303",x,Romney,"328,278","220,864",-32.72%
Idaho,2,R+17,Mike Simpson, R,"82,801","131,492",0,38.64%,61.36%,0.00%,22.72%,"48,691",x,Romney,"324,013","214,293",-33.86%
Illinois,1,D+28,Bobby Rush, D,"162,268","59,749",0,73.09%,26.91%,0.00%,-46.18%,"-102,519",x,Obama,"333,326","222,017",-33.39%
Illinois,2,D+29,Robin Kelly, D,"160,337","43,799",130,78.49%,21.44%,0.06%,-57.05%,"-116,538",x,Obama,"310,863","204,266",-34.29%
Illinois,3,D+5,Dan Lipinski, D,"116,764","64,091",0,64.56%,35.44%,0.00%,-29.12%,"-52,673",x,Obama,"257,055","180,855",-29.64%
Illinois,4,D+29,Luis Gutierrez, D,"79,666","22,278",0,78.15%,21.85%,0.00%,-56.29%,"-57,388",x,Obama,"169,744","101,944",-39.94%
Illinois,5,D+16,Mike Quigley, D,"116,364","56,350","11,305",63.23%,30.62%,6.14%,-32.61%,"-60,014",x,Obama,"285,067","184,019",-35.45%
Illinois,6,R+4,Peter Roskam, R,"78,465","160,287",0,32.86%,67.14%,0.00%,34.27%,"81,822",x,Romney,"336,106","238,752",-28.97%
Illinois,7,D+36,Danny Davis, D,"155,110","27,168",0,85.10%,14.90%,0.00%,-70.19%,"-127,942",x,Obama,"302,487","182,278",-39.74%
Illinois,8,D+8,Tammy Duckworth,D,"84,178","66,878",0,55.73%,44.27%,0.00%,-11.45%,"-17,300",x,Obama,"231,579","151,056",-34.77%
Illinois,9,D+15,Jan Schakowsky, D,"141,000","72,384",66,66.06%,33.91%,0.03%,-32.15%,"-68,616",x,Obama,"308,567","213,450",-30.83%
Illinois,10,D+8,Robert Dold,R,"91,136","95,992",0,48.70%,51.30%,0.00%,2.60%,"4,856",x,Obama,"273,591","187,128",-31.60%
Illinois,11,D+8,Bill Foster,D,"93,436","81,335",1,53.46%,46.54%,0.00%,-6.92%,"-12,101",x,Obama,"262,718","174,772",-33.48%
Illinois,12,EVEN,Mike Bost,R,"87,860","110,038","11,840",41.89%,52.46%,5.65%,10.57%,"22,178",x,Obama,"309,538","209,738",-32.24%
Illinois,13,EVEN,Rodney Davis,R,"86,935","123,337",0,41.34%,58.66%,0.00%,17.31%,"36,402",x,Romney,"301,123","210,272",-30.17%
Illinois,14,R+5,Randy Hultgren, R,"76,861","145,369",0,34.59%,65.41%,0.00%,30.83%,"68,508",x,Romney,"317,935","222,230",-30.10%
Illinois,15,R+14,John Shimkus, R,"55,652","166,274",0,25.08%,74.92%,0.00%,49.85%,"110,622",x,Romney,"308,446","221,926",-28.05%
Illinois,16,R+4,Adam Kinzinger, R,"63,810","153,388",0,29.38%,70.62%,0.00%,41.24%,"89,578",x,Romney,"304,176","217,198",-28.59%
Illinois,17,D+7,Cheri Bustos, D,"110,560","88,785",16,55.46%,44.53%,0.01%,-10.92%,"-21,775",x,Obama,"293,815","199,361",-32.15%
Illinois,18,R+11,Aaron Schock, R,"62,377","184,363",0,25.28%,74.72%,0.00%,49.44%,"121,986",x,Romney,"334,772","246,740",-26.30%
Indiana,1,D+10,Peter Visclosky, D,"86,579","51,000","4,714",60.85%,35.84%,3.31%,-25.00%,"-35,579",x,Obama,"297,553","142,293",-52.18%
Indiana,2,R+6,Jackie Walorski, R,"55,590","85,583","4,027",38.29%,58.94%,2.77%,20.66%,"29,993",x,Romney,"276,212","145,200",-47.43%
Indiana,3,R+13,Marlin Stutzman, R,"39,771","97,892","11,130",26.73%,65.79%,7.48%,39.06%,"58,121",x,Romney,"287,454","148,793",-48.24%
Indiana,4,R+11,Todd Rokita, R,"47,056","94,998",0,33.13%,66.87%,0.00%,33.75%,"47,942",x,Romney,"279,868","142,054",-49.24%
Indiana,5,R+9,Susan Brooks, R,"49,756","105,277","6,407",30.82%,65.21%,3.97%,34.39%,"55,521",x,Romney,"342,272","161,440",-52.83%
Indiana,6,R+12,Luke Messer, R,"45,509","102,187","7,375",29.35%,65.90%,4.76%,36.55%,"56,678",x,Romney,"285,468","155,071",-45.68%
Indiana,7,D+13,Andre Carson, D,"61,443","46,887","3,931",54.73%,41.77%,3.50%,-12.97%,"-14,556",x,Obama,"262,191","112,261",-57.18%
Indiana,8,R+8,Larry Bucshon, R,"61,384","103,344","6,587",35.83%,60.32%,3.84%,24.49%,"41,960",x,Romney,"290,173","171,315",-40.96%
Indiana,9,R+9,Todd Young, R,"55,016","101,594","6,777",33.67%,62.18%,4.15%,28.51%,"46,578",x,Romney,"303,640","163,387",-46.19%
Iowa,1,D+5,Rod Blum,R,"141,145","147,762",399,48.79%,51.07%,0.14%,2.29%,"6,617",x,Obama,"403,315","289,306",-28.27%
Iowa,2,D+4,Dave Loebsack,D,"143,431","129,455",443,52.48%,47.36%,0.16%,-5.11%,"-13,976",x,Obama,"396,287","273,329",-31.03%
Iowa,3,EVEN,David Young ,R,"119,109","148,814","14,143",42.23%,52.76%,5.01%,10.53%,"29,705",x,Obama,"397,623","282,066",-29.06%
Iowa,4,R+5,Steve King,R,"105,504","169,834",295,38.28%,61.62%,0.11%,23.34%,"64,330",x,Romney,"384,967","275,633",-28.40%
Kansas,1,R+23,Tim Huelskamp, R,"65,397","138,764",0,32.03%,67.97%,0.00%,35.94%,"73,367",x,Romney,"263,082","204,161",-22.40%
Kansas,2,R+8,Lynn Jenkins,R,"87,153","128,742","9,791",38.62%,57.04%,4.34%,18.43%,"41,589",x,Romney,"294,761","225,686",-23.43%
Kansas,3,R+6,Kevin Yoder,R,"89,584","134,493",203,39.94%,59.97%,0.09%,20.02%,"44,909",x,Romney,"330,708","224,280",-32.18%
Kansas,4,R+14,Mike Pompeo, R,"69,396","138,757",0,33.34%,66.66%,0.00%,33.32%,"69,361",x,Romney,"267,431","208,153",-22.17%
Kentucky,1,R+18,Ed Whitfield, R,"63,596","173,022",0,26.88%,73.12%,0.00%,46.25%,"109,426",x,Romney,"296,859","236,618",-20.29%
Kentucky,2,R+16,Brett Guthrie, R,"69,898","156,936",0,30.81%,69.19%,0.00%,38.37%,"87,038",x,Romney,"294,291","226,834",-22.92%
Kentucky,3,D+4,John Yarmuth, D,"157,056","87,981","2,318",63.49%,35.57%,0.94%,-27.93%,"-69,075",x,Obama,"325,540","247,355",-24.02%
Kentucky,4,R+16,Thomas Massie, R,"71,694","150,464",0,32.27%,67.73%,0.00%,35.46%,"78,770",x,Romney,"310,981","222,158",-28.56%
Kentucky,5,R+25,Hal Rogers, R,"47,617","171,350",0,21.75%,78.25%,0.00%,56.51%,"123,733",x,Romney,"261,529","218,967",-16.27%
Kentucky,6,R+9,Andy Barr,R,"98,290","147,404",0,40.01%,59.99%,0.00%,19.99%,"49,114",x,Romney,"304,870","245,694",-19.41%
Louisiana,1,R+26,Steve Scalise, R,"46,047","189,250","8,707",18.87%,77.56%,3.57%,58.69%,"143,203",x,Romney,"332,613","244,004",-26.64%
Louisiana,2,D+23,Cedric Richmond, D,"190,000",0,"31,564",85.75%,0.00%,14.25%,-85.75%,"-190,000",x,Obama,"328,367","221,564",N/A
Louisiana,3,R+19,Charles Boustany, R,0,"207,926","28,342",0.00%,88.00%,12.00%,88.00%,"207,926",x,Romney,"333,574","236,268",N/A
Louisiana,4,R+13,John Fleming, R,0,"152,683","55,236",0.00%,73.43%,26.57%,73.43%,"152,683",x,Romney,"324,292","207,919",N/A
Louisiana,5,R+15,Ralph Abraham, R,"67,611","168,084","3,856",28.22%,70.17%,1.61%,41.94%,"100,473",x,Romney,"329,461","239,551",-27.29%
Louisiana,6,R+21,Garret Graves, R,"89,212","165,706","3,561",34.51%,64.11%,1.38%,29.59%,"76,494",x,Romney,"345,185","258,479",-25.12%
Maine,1,D+9,Chellie Pingree, D,"186,674","94,751","27,473",60.43%,30.67%,8.89%,-29.76%,"-91,923",x,Obama,"375,566","308,898",-17.75%
Maine,2,D+2,Bruce Poliquin,R,"118,568","133,320","31,585",41.83%,47.03%,11.14%,5.20%,"14,752",x,Obama,"337,613","283,473",-16.04%
Maryland,1,R+14,Andy Harris, R,"73,843","176,342",233,29.49%,70.42%,0.09%,40.93%,"102,499",x,Romney,"355,122","250,418",-29.48%
Maryland,2,D+10,Dutch Ruppersberger, D,"120,412","70,411","5,531",61.32%,35.86%,2.82%,-25.46%,"-50,001",x,Obama,"307,882","196,354",-36.22%
Maryland,3,D+9,John Sarbanes, D,"128,594","87,029",323,59.55%,40.30%,0.15%,-19.25%,"-41,565",x,Obama,"335,717","215,946",-35.68%
Maryland,4,D+26,Donna Edwards, D,"134,628","54,217","2,992",70.18%,28.26%,1.56%,-41.92%,"-80,411",x,Obama,"328,026","191,837",-41.52%
Maryland,5,D+14,Steny Hoyer, D,"144,725","80,752",563,64.03%,35.72%,0.25%,-28.30%,"-63,973",x,Obama,"355,655","226,040",-36.44%
Maryland,6,D+4,John Delaney, D,"94,704","91,930","3,902",49.70%,48.25%,2.05%,-1.46%,"-2,774",x,Obama,"321,888","190,536",-40.81%
Maryland,7,D+24,Elijah Cummings, D,"144,639","55,860","6,310",69.94%,27.01%,3.05%,-42.93%,"-88,779",x,Obama,"339,025","206,809",-39.00%
Maryland,8,D+11,Chris Van Hollen, D,"136,722","87,859",516,60.74%,39.03%,0.23%,-21.71%,"-48,863",x,Obama,"356,621","225,097",-36.88%
Massachusetts,1,D+13,Richard Neal, D,"167,612",0,"3,498",97.96%,0.00%,2.04%,-97.96%,"-167,612",x,Obama,"334,417","171,110",N/A
Massachusetts,2,D+8,Jim McGovern, D,"169,640",0,"3,105",98.20%,0.00%,1.80%,-98.20%,"-169,640",x,Obama,"340,821","172,745",N/A
Massachusetts,3,D+6,Niki Tsongas, D,"139,104","81,638",204,62.96%,36.95%,0.09%,-26.01%,"-57,466",x,Obama,"333,500","220,946",-33.75%
Massachusetts,4,D+6,Joe Kennedy, D,"184,158",0,"3,940",97.91%,0.00%,2.09%,-97.91%,"-184,158",x,Obama,"370,796","188,098",N/A
Massachusetts,5,D+14,Katherine Clark, D,"182,100",0,"3,160",98.29%,0.00%,1.71%,-98.29%,"-182,100",x,Obama,"362,737","185,260",N/A
Massachusetts,6,D+4,Seth Moulton, D,"149,638","111,989","10,592",54.97%,41.14%,3.89%,-13.83%,"-37,649",x,Obama,"388,101","272,219",-29.86%
Massachusetts,7,D+31,Mike Capuano, D,"142,133",0,"2,413",98.33%,0.00%,1.67%,-98.33%,"-142,133",x,Obama,"283,613","144,546",N/A
Massachusetts,8,D+6,Stephen Lynch, D,"200,644",0,"2,707",98.67%,0.00%,1.33%,-98.67%,"-200,644",x,Obama,"370,073","203,351",N/A
Massachusetts,9,D+5,Bill Keating, D,"140,413","114,971",157,54.95%,44.99%,0.06%,-9.96%,"-25,442",x,Obama,"383,746","255,541",-33.41%
Michigan,1,R+5,Dan Benishek, R,"113,263","130,414","6,454",45.28%,52.14%,2.58%,6.86%,"17,151",x,Romney,"354,151","250,131",-29.37%
Michigan,2,R+7,Bill Huizenga, R,"70,851","135,568","6,653",33.25%,63.63%,3.12%,30.37%,"64,717",x,Romney,"330,344","213,072",-35.50%
Michigan,3,R+4,Justin Amash, R,"84,720","125,754","6,691",39.01%,57.91%,3.08%,18.90%,"41,034",x,Romney,"334,402","217,165",-35.06%
Michigan,4,R+5,John Moolenaar, R,"85,777","123,962","9,684",39.09%,56.49%,4.41%,17.40%,"38,185",x,Romney,"321,942","219,423",-31.84%
Michigan,5,D+10,Daniel Kildee, D,"148,182","69,222","4,734",66.71%,31.16%,2.13%,-35.55%,"-78,960",x,Obama,"339,399","222,138",-34.55%
Michigan,6,R+1,Fred Upton, R,"84,391","116,801","7,784",40.38%,55.89%,3.72%,15.51%,"32,410",x,Romney,"325,820","208,976",-35.86%
Michigan,7,R+3,Tim Walberg, R,"92,083","119,564","12,038",41.17%,53.45%,5.38%,12.29%,"27,481",x,Romney,"332,226","223,685",-32.67%
Michigan,8,R+2,Mike Bishop, R,"102,269","132,739","8,117",42.06%,54.60%,3.34%,12.53%,"30,470",x,Romney,"359,379","243,125",-32.35%
Michigan,9,D+6,Sander Levin, D,"136,342","81,470","7,945",60.39%,36.09%,3.52%,-24.31%,"-54,872",x,Obama,"348,634","225,757",-35.25%
Michigan,10,R+6,Candice Miller, R,"67,143","157,069","4,480",29.36%,68.68%,1.96%,39.32%,"89,926",x,Romney,"339,411","228,692",-32.62%
Michigan,11,R+4,Dave Trott, R,"101,681","140,435","9,122",40.47%,55.90%,3.63%,15.43%,"38,754",x,Romney,"380,511","251,238",-33.97%
Michigan,12,D+15,Debbie Dingell, D,"134,346","64,716","7,598",65.01%,31.32%,3.68%,-33.69%,"-69,630",x,Obama,"327,466","206,660",-36.89%
Michigan,13,D+34,John Conyers, D,"132,710","27,234","7,003",79.49%,16.31%,4.19%,-63.18%,"-105,476",x,Obama,"293,150","166,947",-43.05%
Michigan,14,D+29,Brenda Lawrence, D,"165,272","41,801","5,395",77.79%,19.67%,2.54%,-58.11%,"-123,471",x,Obama,"337,722","212,468",-37.09%
Minnesota,1,R+1,Tim Walz, D,"122,851","103,536",308,54.19%,45.67%,0.14%,-8.52%,"-19,315",x,Obama,"345,246","226,695",-34.34%
Minnesota,2,R+2,John Kline, R,"95,565","137,778","12,505",38.87%,56.04%,5.09%,17.17%,"42,213",x,Obama,"377,842","245,848",-34.93%
Minnesota,3,R+2,Erik Paulsen, R,"101,846","167,515",224,37.78%,62.14%,0.08%,24.36%,"65,669",x,Obama,"402,461","269,585",-33.02%
Minnesota,4,D+11,Betty Mccollum, D,"147,857","79,492","14,288",61.19%,32.90%,5.91%,-28.29%,"-68,365",x,Obama,"371,845","241,637",-35.02%
Minnesota,5,D+22,Keith Ellison, D,"167,079","56,577","12,353",70.79%,23.97%,5.23%,-46.82%,"-110,502",x,Obama,"375,042","236,009",-37.07%
Minnesota,6,R+10,Tom Emmer, R,"90,926","133,328","12,592",38.39%,56.29%,5.32%,17.90%,"42,402",x,Romney,"365,479","236,846",-35.20%
Minnesota,7,R+6,Collin Peterson, D,"130,546","109,955",334,54.21%,45.66%,0.14%,-8.55%,"-20,591",x,Romney,"336,014","240,835",-28.33%
Minnesota,8,D+1,Rick Nolan, D,"129,090","125,358","11,635",48.51%,47.11%,4.37%,-1.40%,"-3,732",x,Obama,"362,659","266,083",-26.63%
Mississippi,1,R+16,Alan Nunnelee, R,"43,713","102,622","4,776",28.93%,67.91%,3.16%,38.98%,"58,909",x,Romney,"319,999","151,111",-52.78%
Mississippi,2,D+13,Bennie Thompson, D,"100,688",0,"47,958",67.74%,0.00%,32.26%,-67.74%,"-100,688",x,Obama,"330,336","148,646",N/A
Mississippi,3,R+14,Gregg Harper, R,"47,744","117,771","5,431",27.93%,68.89%,3.18%,40.96%,"70,027",x,Romney,"340,341","170,946",-49.77%
Mississippi,4,R+21,Steven Palazzo, R,"37,869","108,776","8,931",24.34%,69.92%,5.74%,45.58%,"70,907",x,Romney,"294,902","155,576",-47.24%
Missouri,1,D+28,Lacy Clay, D,"119,315","35,273","8,906",72.98%,21.57%,5.45%,-51.40%,"-84,042",x,Obama,"350,830","163,494",-53.40%
Missouri,2,R+8,Ann Wagner, R,"75,384","148,191","7,542",32.62%,64.12%,3.26%,31.50%,"72,807",x,Romney,"411,927","231,117",-43.89%
Missouri,3,R+13,Blaine Luetkemeyer, R,"52,021","130,940","8,659",27.15%,68.33%,4.52%,41.19%,"78,919",x,Romney,"352,696","191,620",-45.67%
Missouri,4,R+13,Vicky Hartzler, R,"46,464","120,014","9,808",26.36%,68.08%,5.56%,41.72%,"73,550",x,Romney,"329,374","176,286",-46.48%
Missouri,5,D+9,Emanuel Cleaver, D,"79,256","69,071","5,308",51.59%,44.96%,3.45%,-6.63%,"-10,185",x,Obama,"336,815","153,635",-54.39%
Missouri,6,R+12,Sam Graves, R,"55,157","124,616","7,197",29.50%,66.65%,3.85%,37.15%,"69,459",x,Romney,"343,384","186,970",-45.55%
Missouri,7,R+19,Billy Long, R,"47,282","104,054","12,621",28.84%,63.46%,7.70%,34.63%,"56,772",x,Romney,"325,878","163,957",-49.69%
Missouri,8,R+17,Jason Smith, R,"38,721","106,124","14,379",24.32%,66.65%,9.03%,42.33%,"67,403",x,Romney,"305,928","159,224",-47.95%
Montana,0,R+7,Ryan Zinke, R,"148,690","203,871","15,402",40.41%,55.41%,4.19%,15.00%,"55,181",x,Romney,"483,947","367,963",-23.97%
Nebraska,1,R+10,Jeff Fortenberry, R,"55,838","123,219",0,31.18%,68.82%,0.00%,37.63%,"67,381",x,Romney,"265,900","179,057",-32.66%
Nebraska,2,R+4,Brad Ashford, D,"83,872","78,157","9,021",49.03%,45.69%,5.27%,-3.34%,"-5,715",x,Romney,"267,820","171,050",-36.13%
Nebraska,3,R+23,Adrian Smith, R,"45,524","139,440",0,24.61%,75.39%,0.00%,50.78%,"93,916",x,Romney,"260,294","184,964",-28.94%
Nevada,1,D+14,Dina Titus, D,"45,643","30,413","4,243",56.84%,37.87%,5.28%,-18.97%,"-15,230",x,Obama,"188,735","80,299",-57.45%
Nevada,2,R+5,Mark Amodei, R,"52,016","122,402","11,792",27.93%,65.73%,6.33%,37.80%,"70,386",x,Romney,"293,476","186,210",-36.55%
Nevada,3,EVEN,Joe Heck, R,"52,644","88,528","4,547",36.13%,60.75%,3.12%,24.63%,"35,884",x,Obama,"284,980","145,719",-48.87%
Nevada,4,D+4,Cresent Hardy, R,"59,844","63,466","7,471",45.76%,48.53%,5.71%,2.77%,"3,622",x,Obama,"251,154","130,781",-47.93%
New Hampshire,1,R+1,Frank Guinta, R,"116,769","125,508",459,48.11%,51.71%,0.19%,3.60%,"8,739",,Obama,"358,009","242,736",-32.20%
New Hampshire,2,D+3,Annie Kuster, D,"130,679","106,857",613,54.87%,44.87%,0.26%,-10.00%,"-23,822",,Obama,"352,947","238,149",-32.53%
New Jersey,1,D+13,Donald Norcross, D,"93,315","64,073","5,104",57.43%,39.43%,3.14%,-18.00%,"-29,242",x,Obama,"322,613","162,492",-49.63%
New Jersey,2,D+1,Frank LoBiondo, R,"66,026","108,875","2,247",37.27%,61.46%,1.27%,24.19%,"42,849",x,Obama,"310,969","177,148",-43.03%
New Jersey,3,R+1,Tom MacArthur, R,"82,537","100,471","3,095",44.35%,53.99%,1.66%,9.64%,"17,934",x,Obama,"342,232","186,103",-45.62%
New Jersey,4,R+7,Chris Smith, R,"54,415","118,826","1,608",31.12%,67.96%,0.92%,36.84%,"64,411",x,Romney,"329,058","174,849",-46.86%
New Jersey,5,R+4,Scott Garrett, R,"81,808","104,678","2,435",43.30%,55.41%,1.29%,12.11%,"22,870",x,Romney,"334,769","188,921",-43.57%
New Jersey,6,D+8,Frank Pallone, D,"72,190","46,891","1,376",59.93%,38.93%,1.14%,-21.00%,"-25,299",x,Obama,"262,992","120,457",-54.20%
New Jersey,7,R+6,Leonard Lance, R,"68,232","104,287","3,478",38.77%,59.25%,1.98%,20.49%,"36,055",x,Romney,"336,512","175,997",-47.70%
New Jersey,8,D+24,Albio Sires, D,"61,510","15,141","2,867",77.35%,19.04%,3.61%,-58.31%,"-46,369",x,Obama,"204,339","79,518",-61.09%
New Jersey,9,D+14,Bill Pascrell, D,"82,498","36,246","1,715",68.49%,30.09%,1.42%,-38.40%,"-46,252",x,Obama,"251,058","120,459",-52.02%
New Jersey,10,D+34,Donald Payne Jr., D,"95,734","14,154","2,235",85.38%,12.62%,1.99%,-72.76%,"-81,580",x,Obama,"271,404","112,123",-58.69%
New Jersey,11,R+6,Rodney Frelinghuysen, R,"65,477","109,455",0,37.43%,62.57%,0.00%,25.14%,"43,978",x,Romney,"346,610","174,932",-49.53%
New Jersey,12,D+14,Bonnie Watson Coleman, D,"90,430","54,168","3,768",60.95%,36.51%,2.54%,-24.44%,"-36,262",x,Obama,"294,675","148,366",-49.65%
New Mexico,1,D+7,Michelle Lujan Grisham, D,"105,474","74,558",0,58.59%,41.41%,0.00%,-17.17%,"-30,916",x,Obama,"282,197","180,032",-36.20%
New Mexico,2,R+5,Steve Pearce, R,"52,499","95,209",69,35.53%,64.43%,0.05%,28.90%,"42,710",x,Romney,"230,393","147,777",-35.86%
New Mexico,3,D+8,Ben R. Lujan, D,"113,249","70,775",52,61.52%,38.45%,0.03%,-23.07%,"-42,474",x,Obama,"271,186","184,076",-32.12%
New York,1,R+2,Lee Zeldin, R,"78,722","94,035",108,45.54%,54.40%,0.06%,8.86%,"15,313",x,Obama,"296,147","172,865",-41.63%
New York,2,R+1,Peter King, R,"41,814","95,177","2,339",30.01%,68.31%,1.68%,38.30%,"53,363",x,Obama,"273,076","139,330",-48.98%
New York,3,EVEN,Steve Israel, D,"90,032","74,269",74,54.77%,45.18%,0.05%,-9.59%,"-15,763",x,Obama,"306,594","164,375",-46.39%
New York,4,D+3,Kathleen Rice, D,"89,793","80,127",179,52.79%,47.11%,0.11%,-5.68%,"-9,666",x,Obama,"298,024","170,099",-42.92%
New York,5,D+35,Gregory Meeks, D,"75,712",0,"4,109",94.85%,0.00%,5.15%,-94.85%,"-75,712",x,Obama,"222,944","79,821",N/A
New York,6,D+13,Grace Meng, D,"55,368",0,595,98.94%,0.00%,1.06%,-98.94%,"-55,368",x,Obama,"185,322","55,963",N/A
New York,7,D+34,Nydia Velazquez, D,"56,593","5,713","1,506",88.69%,8.95%,2.36%,-79.73%,"-50,880",x,Obama,"176,740","63,812",-63.89%
New York,8,D+35,Hakeem Jeffries, D,"77,255",0,"6,744",91.97%,0.00%,8.03%,-91.97%,"-77,255",x,Obama,"234,786","83,999",N/A
New York,9,D+32,Yvette Clarke, D,"82,659",0,"9,910",89.29%,0.00%,10.71%,-89.29%,"-82,659",x,Obama,"237,688","92,569",N/A
New York,10,D+23,Jerrold Nadler, D,"89,080",0,"12,801",87.44%,0.00%,12.56%,-87.44%,"-89,080",x,Obama,"235,901","101,881",N/A
New York,11,R+2,Michael Grimm, R,"45,244","58,886","3,233",42.14%,54.85%,3.01%,12.71%,"13,642",x,Obama,"213,525","107,363",-49.72%
New York,12,D+27,Carolyn Maloney, D,"90,603","22,731",95,79.88%,20.04%,0.08%,-59.84%,"-67,872",x,Obama,"267,729","113,429",-57.63%
New York,13,D+42,Charles Rangel, D,"68,396",0,"9,957",87.29%,0.00%,12.71%,-87.29%,"-68,396",x,Obama,"231,941","78,353",N/A
New York,14,D+26,Joe Crowley, D,"50,352",0,"6,852",88.02%,0.00%,11.98%,-88.02%,"-50,352",x,Obama,"169,730","57,204",N/A
New York,15,D+43,Jose E. Serrano, D,"54,906",0,"1,657",97.07%,0.00%,2.93%,-97.07%,"-54,906",x,Obama,"177,175","56,563",N/A
New York,16,D+21,Eliot Engel, D,"99,658",0,733,99.27%,0.00%,0.73%,-99.27%,"-99,658",x,Obama,"268,123","100,391",N/A
New York,17,D+5,Nita Lowey, D,"98,158","75,781",123,56.39%,43.54%,0.07%,-12.86%,"-22,377",x,Obama,"294,633","174,062",-40.92%
New York,18,EVEN,Sean Patrick Maloney, D,"88,993","85,660","4,438",49.69%,47.83%,2.48%,-1.86%,"-3,333",x,Obama,"291,180","179,091",-38.49%
New York,19,D+1,Chris Gibson, R,"72,470","131,594",109,35.49%,64.45%,0.05%,28.96%,"59,124",x,Obama,"302,469","204,173",-32.50%
New York,20,D+7,Paul Tonko, D,"125,111","79,104",114,61.23%,38.71%,0.06%,-22.52%,"-46,007",x,Obama,"315,699","204,329",-35.28%
New York,21,EVEN,Elise Stefanik, R,"59,063","96,226","19,379",33.81%,55.09%,11.09%,21.28%,"37,163",x,Obama,"266,368","174,668",-34.43%
New York,22,R+3,Richard Hanna, R,0,"129,851","2,081",0.00%,98.42%,1.58%,98.42%,"129,851",x,Romney,"277,812","131,932",N/A
New York,23,R+3,Tom Reed, R,"70,242","113,130",109,38.28%,61.66%,0.06%,23.37%,"42,888",x,Romney,"277,377","183,481",-33.85%
New York,24,D+5,John Katko, R,"80,304","118,474",444,40.31%,59.47%,0.22%,19.16%,"38,170",x,Obama,"300,873","199,222",-33.79%
New York,25,D+7,Louise M. Slaughter,D,"96,803","95,932",236,50.16%,49.71%,0.12%,-0.45%,-871,x,Obama,"320,280","192,971",-39.75%
New York,26,D+12,Brian Higgins, D,"113,210","52,909",5,68.15%,31.85%,0.00%,-36.30%,"-60,301",x,Obama,"302,489","166,124",-45.08%
New York,27,R+8,Chris Collins, R,"58,911","144,675",59,28.94%,71.06%,0.00%,42.13%,"85,764",x,Romney,"327,097","203,591",-37.76%
North Carolina,1,D+19,G.K. Butterfield, D,"154,333","55,990",0,73.38%,26.62%,0.00%,-46.76%,"-98,343",x,Obama,"344,436","210,323",-38.94%
North Carolina,2,R+10,Renee Ellmers, R,"85,479","122,128",0,41.17%,58.83%,0.00%,17.65%,"36,649",x,Romney,"320,251","207,607",-35.17%
North Carolina,3,R+11,Walter Jones, R,"66,182","139,415",0,32.19%,67.81%,0.00%,35.62%,"73,233",x,Romney,"317,615","205,597",-35.27%
North Carolina,4,D+20,David Price, D,"169,946","57,416",0,74.75%,25.25%,0.00%,-49.49%,"-112,530",x,Obama,"363,410","227,362",-37.44%
North Carolina,5,R+11,Virginia Foxx, R,"88,973","139,279",0,38.98%,61.02%,0.00%,22.04%,"50,306",x,Romney,"354,238","228,252",-35.57%
North Carolina,6,R+10,Mark Walker, R,"103,758","147,312",0,41.33%,58.67%,0.00%,17.35%,"43,554",x,Romney,"373,400","251,070",-32.76%
North Carolina,7,R+12,David Rouzer, R,"84,054","134,431","8,019",37.11%,59.35%,3.54%,22.24%,"50,377",x,Romney,"341,959","226,504",-33.76%
North Carolina,8,R+11,Richard Hudson, R,"65,854","121,568",0,35.14%,64.86%,0.00%,29.73%,"55,714",x,Romney,"308,092","187,422",-39.17%
North Carolina,9,R+8,Robert Pittenger, R,0,"163,080","10,588",0.00%,93.90%,6.10%,93.90%,"163,080",x,Romney,"383,580","173,668",N/A
North Carolina,10,R+11,Patrick McHenry, R,"85,292","133,504",0,38.98%,61.02%,0.00%,22.04%,"48,212",x,Romney,"341,318","218,796",-35.90%
North Carolina,11,R+13,Mark Meadows, R,"85,342","144,682",0,37.10%,62.90%,0.00%,25.80%,"59,340",x,Romney,"338,947","230,024",-32.14%
North Carolina,12,D+26,Alma Adams, D,"130,096","42,568",0,75.35%,24.65%,0.00%,-50.69%,"-87,528",x,Obama,"319,148","172,664",-45.90%
North Carolina,13,R+8,George Holding, R,"114,718","153,991",0,42.69%,57.31%,0.00%,14.62%,"39,273",x,Romney,"390,816","268,709",-31.24%
North Dakota,0,R+10,Kevin Cramer, R,"95,678","138,100","14,892",38.48%,55.54%,5.99%,17.06%,"42,422",x,Romney,"322,909","248,670",-22.99%
Ohio,1,R+6,Steve Chabot, R,"72,604","124,779",0,36.78%,63.22%,0.00%,26.43%,"52,175",x,Romney,"363,273","197,383",-45.67%
Ohio,2,R+8,Brad Wenstrup, R,"68,453","132,658",0,34.04%,65.96%,0.00%,31.93%,"64,205",x,Romney,"354,706","201,111",-43.30%
Ohio,3,D+17,Joyce Beatty, D,"91,769","51,475",17,64.06%,35.93%,0.01%,-28.13%,"-40,294",x,Obama,"312,370","143,261",-54.14%
Ohio,4,R+9,Jim Jordan, R,"60,165","125,907",0,32.33%,67.67%,0.00%,35.33%,"65,742",x,Romney,"330,999","186,072",-43.78%
Ohio,5,R+7,Bob Latta, R,"58,507","134,449","9,344",28.92%,66.46%,4.62%,37.54%,"75,942",x,Romney,"361,884","202,300",-44.10%
Ohio,6,R+8,Bill Johnson, R,"73,561","111,026","6,065",38.58%,58.23%,3.18%,19.65%,"37,465",x,Romney,"319,575","190,652",-40.34%
Ohio,7,R+6,Bob Gibbs, R,0,"143,959",0,0.00%,100.00%,0.00%,100.00%,"143,959",x,Romney,"332,732","143,959",N/A
Ohio,8,R+15,John Boehner, R,"51,534","126,539","10,257",27.36%,67.19%,5.45%,39.83%,"75,005",x,Romney,"341,418","188,330",-44.84%
Ohio,9,D+15,Marcy Kaptur, D,"108,870","51,704",141,67.74%,32.17%,0.09%,-35.57%,"-57,166",x,Obama,"320,679","160,715",-49.88%
Ohio,10,R+3,Mike Turner, R,"63,249","130,752","6,605",31.53%,65.18%,3.29%,33.65%,"67,503",x,Romney,"358,562","200,606",-44.05%
Ohio,11,D+30,Marcia Fudge, D,"137,105","35,461",0,79.45%,20.55%,0.00%,-58.90%,"-101,644",x,Obama,"359,121","172,566",-51.95%
Ohio,12,R+8,Pat Tiberi, R,"61,360","150,573","9,148",27.75%,68.11%,4.14%,40.35%,"89,213",x,Romney,"381,057","221,081",-41.98%
Ohio,13,D+11,Tim Ryan, D,"120,230","55,233",0,68.52%,31.48%,0.00%,-37.04%,"-64,997",x,Obama,"337,449","175,463",-48.00%
Ohio,14,R+4,David Joyce, R,"70,856","135,736","7,988",33.02%,63.26%,3.72%,30.24%,"64,880",x,Romney,"378,446","214,580",-43.30%
Ohio,15,R+6,Steve Stivers, R,"66,125","128,496",0,33.98%,66.02%,0.00%,32.05%,"62,371",x,Romney,"347,583","194,621",-44.01%
Ohio,16,R+6,Jim Renacci, R,"75,199","132,176",0,36.26%,63.74%,0.00%,27.48%,"56,977",x,Romney,"373,547","207,375",-44.48%
Oklahoma,1,R+18,Jim Bridenstine, R,0,0,0,0.00%,100.00%,0.00%,100.00%,0,x,Romney,"287,282",0,N/A
Oklahoma,2,R+20,Markwayne Mullin, R,"38,964","110,925","8,518",24.60%,70.03%,5.38%,45.43%,"71,961",x,Romney,"252,162","158,407",-37.18%
Oklahoma,3,R+26,Frank Lucas, R,"36,270","133,335",0,21.38%,78.62%,0.00%,57.23%,"97,065",x,Romney,"269,736","169,605",-37.12%
Oklahoma,4,R+19,Tom Cole, R,"40,998","117,721","7,549",24.66%,70.80%,4.54%,46.14%,"76,723",x,Romney,"262,313","166,268",-36.61%
Oklahoma,5,R+12,Steve Russell, R,"57,790","95,632","5,711",36.32%,60.10%,3.59%,23.78%,"37,842",x,Romney,"263,379","159,133",-39.58%
Oregon,1,D+7,Suzanne Bonamici, D,"160,038","96,245","22,970",57.31%,34.47%,8.23%,-22.84%,"-63,793",x,Obama,"353,656","279,253",-21.04%
Oregon,2,R+10,Greg Walden, R,"73,785","202,374","11,266",25.67%,70.41%,3.92%,44.74%,"128,589",x,Romney,"348,713","287,425",-17.58%
Oregon,3,D+22,Earl Blumenauer, D,"211,748","57,424","23,585",72.33%,19.61%,8.06%,-52.71%,"-154,324",x,Obama,"374,453","292,757",-21.82%
Oregon,4,D+2,Peter DeFazio, D,"181,624","116,534","12,021",58.55%,37.57%,3.88%,-20.98%,"-65,090",x,Obama,"366,990","310,179",-15.48%
Oregon,5,EVEN,Kurt Schrader, D,"150,944","110,332","19,812",53.70%,39.25%,7.05%,-14.45%,"-40,612",x,Obama,"345,061","281,088",-18.54%
Pennsylvania,1,D+28,Robert Brady, D,"131,248","27,193",0,82.84%,17.16%,0.00%,-65.67%,"-104,055",x,Obama,"297,273","158,441",-46.70%
Pennsylvania,2,D+38,Chaka Fattah, D,"181,141","25,397",0,87.70%,12.30%,0.00%,-75.41%,"-155,744",x,Obama,"374,268","206,538",-44.82%
Pennsylvania,3,R+8,Mike Kelly, R,"73,931","113,859",0,39.37%,60.63%,0.00%,21.26%,"39,928",x,Romney,"307,755","187,790",-38.98%
Pennsylvania,4,R+9,Scott Perry, R,"50,250","147,090",0,25.46%,74.54%,0.00%,49.07%,"96,840",x,Romney,"311,371","197,340",-36.62%
Pennsylvania,5,R+8,Glenn Thompson, R,"65,839","115,018",0,36.40%,63.60%,0.00%,27.19%,"49,179",x,Romney,"290,432","180,857",-37.73%
Pennsylvania,6,R+2,Ryan Costello, R,"92,901","119,643",0,43.71%,56.29%,0.00%,12.58%,"26,742",x,Romney,"344,964","212,544",-38.39%
Pennsylvania,7,R+2,Patrick Meehan, R,"89,256","145,869",0,37.96%,62.04%,0.00%,24.08%,"56,613",x,Romney,"364,042","235,125",-35.41%
Pennsylvania,8,R+1,Mike Fitzpatrick, R,"84,767","137,731",0,38.10%,61.90%,0.00%,23.80%,"52,964",x,Romney,"360,570","222,498",-38.29%
Pennsylvania,9,R+14,Bill Shuster, R,"63,223","110,094",0,36.48%,63.52%,0.00%,27.04%,"46,871",x,Romney,"280,896","173,317",-38.30%
Pennsylvania,10,R+12,Tom Marino, R,"44,737","112,851","22,734",24.81%,62.58%,12.61%,37.77%,"68,114",x,Romney,"283,364","180,322",-36.36%
Pennsylvania,11,R+6,Lou Barletta, R,"62,228","122,464",0,33.69%,66.31%,0.00%,32.61%,"60,236",x,Romney,"292,750","184,692",-36.91%
Pennsylvania,12,R+9,Keith Rothfus, R,"87,928","127,993",0,40.72%,59.28%,0.00%,18.56%,"40,065",x,Romney,"346,138","215,921",-37.62%
Pennsylvania,13,D+13,Brendan Boyle, D,"123,601","60,549",0,67.12%,32.88%,0.00%,-34.24%,"-63,052",x,Obama,"318,860","184,150",-42.25%
Pennsylvania,14,D+15,Mike Doyle, D,"148,351",0,0,100.00%,0.00%,0.00%,-100.00%,"-148,351",x,Obama,"339,416","148,351",N/A
Pennsylvania,15,R+2,Charles Dent, R,0,"128,285",0,0.00%,100.00%,0.00%,100.00%,"128,285",x,Romney,"307,526","128,285",N/A
Pennsylvania,16,R+4,Joseph Pitts, R,"74,513","101,722",0,42.28%,57.72%,0.00%,15.44%,"27,209",x,Romney,"292,994","176,235",-39.85%
Pennsylvania,17,D+4,Matthew Cartwright, D,"93,680","71,371",0,56.76%,43.24%,0.00%,-13.52%,"-22,309",x,Obama,"281,713","165,051",-41.41%
Pennsylvania,18,R+10,Tim Murphy, R,0,"166,076",0,0.00%,100.00%,0.00%,100.00%,"166,076",x,Romney,"347,396","166,076",N/A
Rhode Island,1,D+15,David Cicilline,D,"87,060","58,877",416,59.49%,40.23%,0.28%,-19.26%,"-28,183",x,Obama,"214,075","146,353",-31.63%
Rhode Island,2,D+8,Jim Langevin, D,"105,716","63,844",344,62.22%,37.58%,0.20%,-24.64%,"-41,872",x,Obama,"231,979","169,904",-26.76%
South Carolina,1,R+11,Mark Sanford, R,0,"119,392","8,423",0.00%,93.41%,6.59%,93.41%,"119,392",x,Romney,"298,856","127,815",N/A
South Carolina,2,R+16,Joe Wilson, R,"68,719","121,649","4,440",35.28%,62.45%,2.28%,27.17%,"52,930",x,Romney,"277,231","194,808",-29.73%
South Carolina,3,R+18,Jeff Duncan, R,"47,181","116,741",87,28.77%,71.18%,0.05%,42.41%,"69,560",x,Romney,"263,502","164,009",-37.76%
South Carolina,4,R+15,Trey Gowdy, R,0,"126,452","22,597",0.00%,84.84%,15.16%,84.84%,"126,452",x,Romney,"274,456","149,049",N/A
South Carolina,5,R+9,Mick Mulvaney, R,"71,985","103,078",82,41.10%,58.85%,0.05%,17.75%,"31,093",x,Romney,"286,740","175,145",-38.92%
South Carolina,6,D+21,Jim Clyburn, D,"125,747","44,311","3,374",72.51%,25.55%,1.95%,-46.96%,"-81,436",x,Obama,"283,335","173,432",-38.79%
South Carolina,7,R+7,Tom Rice, R,"68,576","102,833",115,39.98%,59.95%,0.07%,19.97%,"34,257",x,Romney,"280,006","171,524",-38.74%
South Dakota,0,R+10,Kristi Noem, R,"92,485","183,834",0,33.47%,66.53%,0.00%,33.06%,"91,349",x,Romney,"363,798","276,319",-24.05%
Tennessee,1,R+25,Phil Roe, R,0,"115,533","23,937",0.00%,82.84%,17.16%,82.84%,"115,533",x,Romney,"256,356","139,470",N/A
Tennessee,2,R+20,John Duncan, R,"37,612","120,883","8,256",22.56%,72.49%,4.95%,49.94%,"83,271",x,Romney,"276,912","166,751",-39.78%
Tennessee,3,R+16,Chuck Fleischmann, R,"53,983","97,344","4,770",34.58%,62.36%,3.06%,27.78%,"43,361",x,Romney,"271,752","156,097",-42.56%
Tennessee,4,R+18,Scott DesJarlais, R,"51,357","84,815","9,246",35.32%,58.32%,6.36%,23.01%,"33,458",x,Romney,"259,984","145,418",-44.07%
Tennessee,5,D+5,Jim Cooper, D,"96,148","55,078","3,050",62.32%,35.70%,1.98%,-26.62%,"-41,070",x,Obama,"273,878","154,276",-43.67%
Tennessee,6,R+21,Diane Black, R,"37,232","115,231","9,634",22.97%,71.09%,5.94%,48.12%,"77,999",x,Romney,"278,781","162,097",-41.86%
Tennessee,7,R+18,Marsha Blackburn, R,"42,280","110,534","5,093",26.78%,70.00%,3.23%,43.22%,"68,254",x,Romney,"279,829","157,907",-43.57%
Tennessee,8,R+19,Stephen Fincher, R,"42,433","122,255","7,907",24.59%,70.83%,4.58%,46.25%,"79,822",x,Romney,"304,819","172,595",-43.38%
Tennessee,9,D+25,Steve Cohen, D,"87,376","27,173","2,001",74.97%,23.31%,1.72%,-51.65%,"-60,203",x,Obama,"256,188","116,550",-54.51%
Texas,1,R+24,Louie Gohmert, R,"33,476","115,084",0,22.53%,77.47%,0.00%,54.93%,"81,608",x,Romney,"254,107","148,560",-41.54%
Texas,2,R+16,Ted Poe, R,"44,462","101,936","3,628",29.64%,67.95%,2.42%,38.31%,"57,474",x,Romney,"249,563","150,026",-39.88%
Texas,3,R+17,Sam Johnson, R,0,"113,404","24,876",0.00%,82.01%,17.99%,82.01%,"113,404",x,Romney,"272,681","138,280",N/A
Texas,4,R+25,John Ratcliffe, R,0,"115,085",0,0.00%,100.00%,0.00%,100.00%,"115,085",x,Romney,"256,213","115,085",N/A
Texas,5,R+17,Jeb Hensarling, R,0,"88,998","15,264",0.00%,85.36%,14.64%,85.36%,"88,998",x,Romney,"212,706","104,262",N/A
Texas,6,R+11,Joe Barton, R,"55,027","92,334","3,635",36.44%,61.15%,2.41%,24.71%,"37,307",x,Romney,"253,856","150,996",-40.52%
Texas,7,R+13,John Culberson, R,"49,478","90,606","3,135",34.55%,63.26%,2.19%,28.72%,"41,128",x,Romney,"239,775","143,219",-40.27%
Texas,8,R+29,Kevin Brady, R,0,"125,066","14,947",0.00%,89.32%,10.68%,89.32%,"125,066",x,Romney,"254,270","140,013",N/A
Texas,9,D+25,Al Green, D,"78,109",0,"7,894",90.82%,0.00%,9.18%,-90.82%,"-78,109",x,Obama,"186,270","86,003",N/A
Texas,10,R+11,Michael McCaul, R,"60,243","109,726","6,491",34.14%,62.18%,3.68%,28.04%,"49,483",x,Romney,"270,200","176,460",-34.69%
Texas,11,R+31,Mike Conaway, R,0,"107,939","11,635",0.00%,90.27%,9.73%,90.27%,"107,939",x,Romney,"230,494","119,574",N/A
Texas,12,R+19,Kay Granger, R,"41,757","113,186","3,787",26.31%,71.31%,2.39%,45.00%,"71,429",x,Romney,"249,837","158,730",-36.47%
Texas,13,R+32,Mac Thornberry, R,"16,822","110,842","3,787",12.80%,84.32%,2.88%,71.52%,"94,020",x,Romney,"229,587","131,451",-42.74%
Texas,14,R+12,Randy Weber, R,"52,545","90,116","3,037",36.06%,61.85%,2.08%,25.79%,"37,571",x,Romney,"248,124","145,698",-41.28%
Texas,15,D+5,Ruben Hinojosa, D,"48,708","39,016","2,460",54.01%,43.26%,2.73%,-10.75%,"-9,692",x,Obama,"151,355","90,184",-40.42%
Texas,16,D+12,Beto O'Rourke, D,"49,338","21,324","2,443",67.49%,29.17%,3.34%,-38.32%,"-28,014",x,Obama,"157,417","73,105",-53.56%
Texas,17,R+13,Bill Flores, R,"43,049","85,807","4,009",32.40%,64.58%,3.02%,32.18%,"42,758",x,Romney,"224,121","132,865",-40.72%
Texas,18,D+24,Sheila Jackson Lee, D,"76,097","26,249","3,664",71.78%,24.76%,3.46%,-47.02%,"-49,848",x,Obama,"197,210","106,010",-46.25%
Texas,19,R+26,Randy Neugebauer, R,"21,325","89,326","5,174",18.41%,77.12%,4.47%,58.71%,"68,001",x,Romney,"217,618","115,825",-46.78%
Texas,20,D+6,Joaquin Castro, D,"66,554",0,"21,410",75.66%,0.00%,24.34%,-75.66%,"-66,554",x,Obama,"187,833","87,964",N/A
Texas,21,R+12,Lamar Smith, R,0,"135,660","53,336",0.00%,71.78%,28.22%,71.78%,"135,660",x,Romney,"314,635","188,996",N/A
Texas,22,R+15,Pete Olson, R,"47,844","100,861","2,861",31.57%,66.55%,1.89%,34.98%,"53,017",x,Romney,"255,044","151,566",-40.57%
Texas,23,R+3,Will Hurd, R,"55,037","57,459","2,933",47.68%,49.78%,2.54%,2.10%,"2,422",x,Romney,"196,422","115,429",-41.23%
Texas,24,R+13,Kenny Marchant, R,"46,548","93,712","3,813",32.31%,65.04%,2.65%,32.74%,"47,164",x,Romney,"249,092","144,073",-42.16%
Texas,25,R+12,Roger Williams, R,"64,463","107,120","6,300",36.24%,60.22%,3.54%,23.98%,"42,657",x,Romney,"270,861","177,883",-34.33%
Texas,26,R+20,Michael Burgess, R,0,"116,944","24,526",0.00%,82.66%,17.34%,82.66%,"116,944",x,Romney,"263,191","141,470",N/A
Texas,27,R+13,Blake Farenthold, R,"44,152","83,342","3,553",33.69%,63.60%,2.71%,29.91%,"39,190",x,Romney,"217,786","131,047",-39.83%
Texas,28,D+7,Henry Cuellar, D,"62,508",0,"13,628",82.10%,0.00%,17.90%,-82.10%,"-62,508",x,Obama,"168,887","76,136",N/A
Texas,29,D+12,Gene Green, D,"41,321",0,"4,822",89.55%,0.00%,10.45%,-89.55%,"-41,321",x,Obama,"114,904","46,143",N/A
Texas,30,D+27,Eddie Bernice Johnson, D,"93,041",0,"12,752",87.95%,0.00%,12.05%,-87.95%,"-93,041",x,Obama,"220,558","105,793",N/A
Texas,31,R+12,John Carter, R,"45,715","91,607","5,706",31.96%,64.05%,3.99%,32.09%,"45,892",x,Romney,"242,893","143,028",-41.11%
Texas,32,R+10,Pete Sessions, R,"55,325","96,495","4,276",35.44%,61.82%,2.74%,26.37%,"41,170",x,Romney,"256,888","156,096",-39.24%
Texas,33,D+18,Marc Veasey, D,"43,769",0,"6,823",86.51%,0.00%,13.49%,-86.51%,"-43,769",x,Obama,"120,484","50,592",N/A
Texas,34,D+8,Filemon Vela, D,"47,503","30,811","1,563",59.47%,38.57%,1.96%,-20.90%,"-16,692",x,Obama,"149,640","79,877",-46.62%
Texas,35,D+11,Lloyd Doggett, D,"60,124","32,040","4,061",62.48%,33.30%,4.22%,-29.19%,"-28,084",x,Obama,"167,493","96,225",-42.55%
Texas,36,R+25,Brian Babin, R,"29,543","101,663","2,636",22.07%,75.96%,1.97%,53.88%,"72,120",x,Romney,"240,483","133,842",-44.34%
Utah,1,R+27,Rob Bishop, R,"36,422","84,231","9,688",27.94%,64.62%,7.43%,36.68%,"47,809",x,Romney,"250,020","130,341",-47.87%
Utah,2,R+18,Chris Stewart, R,"47,585","88,915","8,195",32.89%,61.45%,5.66%,28.56%,"41,330",x,Romney,"253,597","144,695",-42.94%
Utah,3,R+28,Jason Chaffetz, R,"32,059","102,952","7,569",22.48%,72.21%,5.31%,49.72%,"70,893",x,Romney,"264,919","142,580",-46.18%
Utah,4,R+16,Mia Love, R,"67,425","74,936","4,807",45.81%,50.92%,3.27%,5.10%,"7,511",x,Romney,"244,553","147,168",-39.82%
Vermont,0,D+16,Peter Welch, D,"123,349","59,432","8,723",64.41%,31.03%,4.55%,-33.38%,"-63,917",x,Obama,"299,300","191,504",-36.02%
Virginia,1,R+6,Rob Wittman, R,"72,059","131,861","5,701",34.38%,62.90%,2.72%,28.53%,"59,802",x,Romney,"365,716","209,621",-42.68%
Virginia,2,R+2,Scott Rigell, R,"71,178","101,558",324,41.13%,58.68%,0.19%,17.55%,"30,380",x,Obama,"319,584","173,060",-45.85%
Virginia,3,D+27,Bobby Scott, D,"139,197",0,"8,205",94.43%,0.00%,5.57%,-94.43%,"-139,197",x,Obama,"332,783","147,402",N/A
Virginia,4,R+4,Randy Forbes, R,"75,270","120,684","4,684",37.52%,60.15%,2.33%,22.63%,"45,414",x,Romney,"362,176","200,638",-44.60%
Virginia,5,R+5,Robert Hurt, R,"73,482","124,735","6,728",35.85%,60.86%,3.28%,25.01%,"51,253",x,Romney,"359,219","204,945",-42.95%
Virginia,6,R+12,Bob Goodlatte, R,0,"133,898","45,810",0.00%,74.51%,25.49%,74.51%,"133,898",x,Romney,"335,540","179,708",N/A
Virginia,7,R+10,Dave Brat, R,"89,914","148,026","5,411",36.95%,60.83%,2.22%,23.88%,"58,112",x,Romney,"392,208","243,351",-37.95%
Virginia,8,D+16,Don Beyer, D,"128,102","63,810","11,164",63.08%,31.42%,5.50%,-31.66%,"-64,292",x,Obama,"360,418","203,076",-43.66%
Virginia,9,R+15,Morgan Griffith, R,0,"117,465","45,350",0.00%,72.15%,27.85%,72.15%,"117,465",x,Romney,"311,824","162,815",N/A
Virginia,10,R+2,Barbara Comstock, R,"89,957","125,914","7,039",40.36%,56.49%,3.16%,16.13%,"35,957",x,Romney,"374,665","222,910",-40.50%
Virginia,11,D+10,Gerry Connolly, D,"106,780","75,796","5,229",56.86%,40.36%,2.78%,-16.50%,"-30,984",x,Obama,"340,296","187,805",-44.81%
Washington,1,D+4,Suzan DelBene,D,"124,151","101,428",0,55.04%,44.96%,0.00%,-10.07%,"-22,723",x,Obama,"339,499","225,579",-33.56%
Washington,2,D+8,Rick Larsen, D,"122,173","79,518",0,60.57%,39.43%,0.00%,-21.15%,"-42,655",x,Obama,"313,663","201,691",-35.70%
Washington,3,R+2,Jaime Herrera Beutler, R,"78,018","124,796",0,38.47%,61.53%,0.00%,23.06%,"46,778",x,Romney,"303,499","202,814",-33.17%
Washington,4,R+13,Dan Newhouse, R,0,"153,079",0,0.00%,100.00%,0.00%,100.00%,"153,079",x,Romney,"238,944","153,079",N/A
Washington,5,R+7,Cathy McMorris Rodgers, R,"87,772","135,470",0,39.32%,60.68%,0.00%,21.37%,"47,698",x,Romney,"315,432","223,242",-29.23%
Washington,6,D+5,Derek Kilmer, D,"141,265","83,025",0,62.98%,37.02%,0.00%,-25.97%,"-58,240",x,Obama,"329,216","224,290",-31.87%
Washington,7,D+29,Jim McDermott, D,"203,954","47,921",0,80.97%,19.03%,0.00%,-61.95%,"-156,033",x,Obama,"392,396","251,875",-35.81%
Washington,8,R+1,Dave Reichert, R,"73,003","125,741",0,36.73%,63.27%,0.00%,26.54%,"52,738",x,Obama,"313,958","198,744",-36.70%
Washington,9,D+17,Adam Smith, D,"118,132","48,662",0,70.83%,29.17%,0.00%,-41.65%,"-69,470",x,Obama,"286,888","166,794",-41.86%
Washington,10,D+5,Denny Heck, D,"99,279","82,213",0,54.70%,45.30%,0.00%,-9.40%,"-17,066",x,Obama,"292,047","181,492",-37.86%
West Virginia,1,R+14,David McKinley, R,"51,842","91,843",0,36.08%,63.92%,0.00%,27.84%,"40,001",x,Romney,"227,950","143,685",-36.97%
West Virginia,2,R+11,Alex Mooney, R,"67,210","72,042","13,840",43.90%,47.06%,9.04%,3.16%,"4,832",x,Romney,"234,601","153,092",-34.74%
West Virginia,3,R+14,Evan Jenkins, R,"62,418","77,263",0,44.69%,55.31%,0.00%,10.63%,"14,845",x,Romney,"207,904","139,681",-32.81%
Wisconsin,1,R+3,Paul Ryan, R,"105,552","182,316",302,36.63%,63.27%,0.10%,26.64%,"76,764",x,Romney,"379,809","288,170",-24.13%
Wisconsin,2,D+17,Mark Pocan, D,"224,920","103,619",308,68.40%,31.51%,0.09%,-36.89%,"-121,301",x,Obama,"416,604","328,847",-21.06%
Wisconsin,3,D+5,Ron Kind, D,"155,368","119,540",253,56.46%,43.44%,0.09%,-13.02%,"-35,828",x,Obama,"364,147","275,161",-24.44%
Wisconsin,4,D+23,Gwen Moore, D,"179,045","68,490","7,357",70.24%,26.87%,2.89%,-43.37%,"-110,555",x,Obama,"356,939","254,892",-28.59%
Wisconsin,5,R+13,Jim Sensenbrenner, R,"101,190","231,160",476,30.40%,69.45%,0.14%,39.05%,"129,970",x,Romney,"419,819","332,826",-20.72%
Wisconsin,6,R+5,Glenn Grothman, R,"122,212","169,767","7,054",40.87%,56.77%,2.36%,15.90%,"47,555",x,Romney,"382,984","299,033",-21.92%
Wisconsin,7,R+2,Sean Duffy, R,"112,949","169,891","3,763",39.41%,59.28%,1.31%,19.87%,"56,942",x,Romney,"374,675","286,603",-23.51%
Wisconsin,8,R+2,Reid Ribble, R,"101,345","188,553",150,34.94%,65.01%,0.05%,30.07%,"87,208",x,Romney,"373,440","290,048",-22.33%
Wyoming,0,R+22,Cynthia Lummis, R,"37,803","113,038","14,259",22.90%,68.47%,8.64%,45.57%,"75,235",x,Romney,"249,065","165,100",-33.71%